Id,Student,W1,W12,W2,W3,W4,W5,W6,W7,W8,W9,W10,W11,W12,W13,W14,Total
0246721060,AGAKISHIEV Mukhamed,,,,,,,,,,,,,,,,
025268790D,GAO Jerry,1,,1,,,,,,,,,,,,,
0255211921,HAN Wenbo,,1,1,,,,,,,,,,,,,
025018224F,LESCH Maurice,,,1,,,,,,,,,,,,,
0256117645,PALMA MEDINA Isaac Fabián,,1,1,,,,,,,,,,,,,
0256327724,PLACHKOV Rangel Leonidov,,1,,,,,,,,,,,,,,
0256222533,SILVA PINTO Diogo,,1,1,,,,,,,,,,,,,
0256122616,VALDIVIA AGUERO Jose,,1,1,,,,,,,,,,,,,
0251501853,YILDIZ Kaan,1,1,1,,,,,,,,,,,,,
024358745B,ALBARAQAT Esraa,,,,,,,,,,,,,,,,
0250358903,HMIDEH Ayat,1,1,1,,,,,,,,,,,,,
0254359931,SANATI Amirarsalan,,,1,,,,,,,,,,,,,
0255734313,SEN Diptaraj,1,1,1,,,,,,,,,,,,,
0221929813,SMYRNOV Yehor,1,1,1,,,,,,,,,,,,,
025620880B,WAGLOWSKI Mateusz,,1,1,,,,,,,,,,,,,