Id,Student,First preference,Second preference,Third preference,Assigned paper
0256122616,VALDIVIA AGUERO Jose,BERT: Pre‑training of Deep Bidirectional Transformers for Language Understanding,Attention is all you need,ImageNet Classification with Deep Convolutional Neural Networks,
0221929813,SMYRNOV Yehor,Efficient Estimation of Word Representations in Vector Space,Retrieval-Augmented Generation for Knowledge-Intensive NLP Tasks,,
0251501853,YILDIZ Kaan,Learning Explanatory Rules from Noisy Data,Probabilistic (Logic) Programming Concepts,"Thinking—Fast,Slow,and Artificial: How AI is Reshaping Human Reasoning and the Rise of Cognitive Surrender",
0256117645,PALMA MEDINA Isaac Fabián,Deep Residual Learning for Image Recognition,ImageNet Classification with Deep Convolutional Neural Networks,Efficient Estimation of Word Representations in Vector Space,
0255734313,SEN Diptaraj,The Neuro-Symbolic Concept Learner,Proximal Policy Optimization (PPO),Learning Explanatory Rules from Noisy Data,
0250358903,HMIDEH Ayat,"Thinking—Fast,Slow,and Artificial: How AI is Reshaping Human Reasoning and the Rise of Cognitive Surrender",Retrieval-Augmented Generation for Knowledge-Intensive NLP Tasks,ImageNet Classification with Deep Convolutional Neural Networks,
025620880B,WAGLOWSKI Mateusz,"Thinking—Fast,Slow,and Artificial: How AI is Reshaping Human Reasoning and the Rise of Cognitive Surrender",Attention Is All You Need,Mastering Chess and Shogi by Self‑Play with a General Reinforcement Learning Algorithm,
0256327724,PLACHKOV Rangel Leonidov,Robust Logics,Probabilistic (Logic) Programming Concepts,Efficient Estimation of Word Representations in Vector Space,
0255211921,HAN Wenbo,Deep Residual Learning for Image Recognition,ImageNet Classification with Deep Convolutional Neural Networks,,
0254359931,SANATI Amirarsalan,Proximal Policy Optimization (PPO),Mastering Chess and Shogi by Self‑Play with a General Reinforcement Learning Algorithm,Mastering the Game of Go with Deep Neural Networks and Tree Search,
024358745B,ALBARAQAT Esraa,"Thinking—Fast,Slow,and Artificial: How AI is Reshaping Human Reasoning and the Rise of Cognitive Surrender",Efficient Estimation of Word Representations in Vector Space,Retrieval-Augmented Generation for Knowledge-Intensive NLP Tasks,